Workbook

Sheet Start Here
A1: Project Portfolio Dashboard – PM Workbook
A2: Simulated project – organisation, people and figures are fictional (PM Project Lab practice brief).
A4: Organisation | B4: Meridian Advisory (fictional) – professional services firm with 6 practices and ~40 active client projects
A5: Sponsor | B5: Michael Adekunle, Managing Partner
A6: Project Manager | B6: Sola Debanjo, PMP
A7: Approach | B7: Hybrid (Waterfall for data & governance, Agile sprints for dashboard build)
A8: Duration (weeks) | B8: 18
A9: Budget (assumed) | B9: CAD $150,000 (assumed; includes 10% contingency)
A11: How to use this workbook
A12: • Blue text on a yellow background = an input you can change (e.g., project start date, status week, actuals).
A13: • Black text = formulas. They recalculate automatically when inputs change.
A14: • Gantt: change the project start date or a task's start week/duration and the bars and dates move.
A15: • RAID: Score = Probability × Impact; colour turns red at 15+, amber at 8–14.
A16: • The schedule is also provided as a Microsoft Project XML file (opens in MS Project or the free ProjectLibre).

Sheet Dashboard
A1: Meridian Advisory – Portfolio overview
A2: Simulated data – built in Excel
A4: Active projects | C4: Red | E4: Amber | G4: Green | I4: Total budget | K4: Spent to date
A5: =COUNTA('Portfolio Data'!A5:A16) -> 12 | C5: =COUNTIF('Portfolio Data'!O5:O16,"Red") -> 2 | E5: =COUNTIF('Portfolio Data'!O5:O16,"Amber") -> 4 | G5: =COUNTIF('Portfolio Data'!O5:O16,"Green") -> 6 | I5: =SUM('Portfolio Data'!D5:D16)/1000 -> 4040 | K5: =SUM('Portfolio Data'!E5:E16)/1000 -> 2311
A8: Project | B8: Schedule variance (days) | C8: Cost index | D8: Overall RAG
A9: ='Portfolio Data'!A5 -> MA-101 | B9: ='Portfolio Data'!G5 -> -3 | C9: ='Portfolio Data'!J5 -> 1.0374502 | D9: ='Portfolio Data'!O5 -> Green
A10: ='Portfolio Data'!A6 -> MA-102 | B10: ='Portfolio Data'!G6 -> -18 | C10: ='Portfolio Data'!J6 -> 0.77758242 | D10: ='Portfolio Data'!O6 -> Red
A11: ='Portfolio Data'!A7 -> MA-103 | B11: ='Portfolio Data'!G7 -> 0 | C11: ='Portfolio Data'!J7 -> 0.97826087 | D11: ='Portfolio Data'!O7 -> Green
A12: ='Portfolio Data'!A8 -> MA-104 | B12: ='Portfolio Data'!G8 -> -9 | C12: ='Portfolio Data'!J8 -> 0.90466102 | D12: ='Portfolio Data'!O8 -> Amber
A13: ='Portfolio Data'!A9 -> MA-105 | B13: ='Portfolio Data'!G9 -> 2 | C13: ='Portfolio Data'!J9 -> 1.0487603 | D13: ='Portfolio Data'!O9 -> Green
A14: ='Portfolio Data'!A10 -> MA-106 | B14: ='Portfolio Data'!G10 -> -6 | C14: ='Portfolio Data'!J10 -> 0.89673913 | D14: ='Portfolio Data'!O10 -> Amber
A15: ='Portfolio Data'!A11 -> MA-107 | B15: ='Portfolio Data'!G11 -> -2 | C15: ='Portfolio Data'!J11 -> 0.988 | D15: ='Portfolio Data'!O11 -> Green
A16: ='Portfolio Data'!A12 -> MA-108 | B16: ='Portfolio Data'!G12 -> -12 | C16: ='Portfolio Data'!J12 -> 0.74740484 | D16: ='Portfolio Data'!O12 -> Red
A17: ='Portfolio Data'!A13 -> MA-109 | B17: ='Portfolio Data'!G13 -> -4 | C17: ='Portfolio Data'!J13 -> 1.0321951 | D17: ='Portfolio Data'!O13 -> Amber
A18: ='Portfolio Data'!A14 -> MA-110 | B18: ='Portfolio Data'!G14 -> 1 | C18: ='Portfolio Data'!J14 -> 1.0585714 | D18: ='Portfolio Data'!O14 -> Green
A19: ='Portfolio Data'!A15 -> MA-111 | B19: ='Portfolio Data'!G15 -> -1 | C19: ='Portfolio Data'!J15 -> 1.036875 | D19: ='Portfolio Data'!O15 -> Green
A20: ='Portfolio Data'!A16 -> MA-112 | B20: ='Portfolio Data'!G16 -> -8 | C20: ='Portfolio Data'!J16 -> 0.89571429 | D20: ='Portfolio Data'!O16 -> Amber

Sheet Gantt
A1: Gantt Schedule
A2: Simulated project – organisation, people and figures are fictional (PM Project Lab practice brief).
B3: Start date (Week 1): | C3: 46027
A5: ID | B5: Phase | C5: Work package / milestone | D5: Owner | E5: Start wk | F5: Duration (wks) | G5: End wk | H5: Start date | I5: Finish date | J5: 1 | K5: 2 | L5: 3 | M5: 4 | N5: 5 | O5: 6 | P5: 7 | Q5: 8 | R5: 9 | S5: 10 | T5: 11 | U5: 12 | V5: 13 | W5: 14 | X5: 15 | Y5: 16 | Z5: 17 | AA5: 18 | AB5: 19
A6: 1 | B6: Initiation | C6: Charter & stakeholder interviews | D6: PM | E6: 1 | F6: 2 | G6: =E6+F6-1 -> 2 | H6: =$C$3+(E6-1)*7 -> 46027 | I6: =$C$3+G6*7-3 -> 46038 | J6: =IF(AND(J$5>=$E6,J$5<=$G6),1,"") -> 1 | K6: =IF(AND(K$5>=$E6,K$5<=$G6),1,"") -> 1 | L6: =IF(AND(L$5>=$E6,L$5<=$G6),1,"") | M6: =IF(AND(M$5>=$E6,M$5<=$G6),1,"") | N6: =IF(AND(N$5>=$E6,N$5<=$G6),1,"") | O6: =IF(AND(O$5>=$E6,O$5<=$G6),1,"") | P6: =IF(AND(P$5>=$E6,P$5<=$G6),1,"") | Q6: =IF(AND(Q$5>=$E6,Q$5<=$G6),1,"") | ... AB6: =IF(AND(AB$5>=$E6,AB$5<=$G6),1,"")
A7: 2 | B7: Analysis & Design | C7: Current-state review (6 practices) | D7: Head of PMO | E7: 2 | F7: 3 | G7: =E7+F7-1 -> 4 | H7: =$C$3+(E7-1)*7 -> 46034 | I7: =$C$3+G7*7-3 -> 46052 | J7: =IF(AND(J$5>=$E7,J$5<=$G7),1,"") | K7: =IF(AND(K$5>=$E7,K$5<=$G7),1,"") -> 1 | L7: =IF(AND(L$5>=$E7,L$5<=$G7),1,"") -> 1 | M7: =IF(AND(M$5>=$E7,M$5<=$G7),1,"") -> 1 | N7: =IF(AND(N$5>=$E7,N$5<=$G7),1,"") | O7: =IF(AND(O$5>=$E7,O$5<=$G7),1,"") | P7: =IF(AND(P$5>=$E7,P$5<=$G7),1,"") | Q7: =IF(AND(Q$5>=$E7,Q$5<=$G7),1,"") | ... AB7: =IF(AND(AB$5>=$E7,AB$5<=$G7),1,"")
A8: 3 | B8: Analysis & Design | C8: Data dictionary, RAG rules, future process | D8: Head of PMO | E8: 4 | F8: 3 | G8: =E8+F8-1 -> 6 | H8: =$C$3+(E8-1)*7 -> 46048 | I8: =$C$3+G8*7-3 -> 46066 | J8: =IF(AND(J$5>=$E8,J$5<=$G8),1,"") | K8: =IF(AND(K$5>=$E8,K$5<=$G8),1,"") | L8: =IF(AND(L$5>=$E8,L$5<=$G8),1,"") | M8: =IF(AND(M$5>=$E8,M$5<=$G8),1,"") -> 1 | N8: =IF(AND(N$5>=$E8,N$5<=$G8),1,"") -> 1 | O8: =IF(AND(O$5>=$E8,O$5<=$G8),1,"") -> 1 | P8: =IF(AND(P$5>=$E8,P$5<=$G8),1,"") | Q8: =IF(AND(Q$5>=$E8,Q$5<=$G8),1,"") | ... AB8: =IF(AND(AB$5>=$E8,AB$5<=$G8),1,"")
A9: 4 | B9: Data | C9: Finance & resourcing data feeds | D9: BI Lead | E9: 6 | F9: 4 | G9: =E9+F9-1 -> 9 | H9: =$C$3+(E9-1)*7 -> 46062 | I9: =$C$3+G9*7-3 -> 46087 | J9: =IF(AND(J$5>=$E9,J$5<=$G9),1,"") | K9: =IF(AND(K$5>=$E9,K$5<=$G9),1,"") | L9: =IF(AND(L$5>=$E9,L$5<=$G9),1,"") | M9: =IF(AND(M$5>=$E9,M$5<=$G9),1,"") | N9: =IF(AND(N$5>=$E9,N$5<=$G9),1,"") | O9: =IF(AND(O$5>=$E9,O$5<=$G9),1,"") -> 1 | P9: =IF(AND(P$5>=$E9,P$5<=$G9),1,"") -> 1 | Q9: =IF(AND(Q$5>=$E9,Q$5<=$G9),1,"") -> 1 | ... AB9: =IF(AND(AB$5>=$E9,AB$5<=$G9),1,"")
A10: 5 | B10: Build Sprints | C10: Sprint 1 – status template & pilot practice | D10: Delivery Ops | E10: 7 | F10: 2 | G10: =E10+F10-1 -> 8 | H10: =$C$3+(E10-1)*7 -> 46069 | I10: =$C$3+G10*7-3 -> 46080 | J10: =IF(AND(J$5>=$E10,J$5<=$G10),1,"") | K10: =IF(AND(K$5>=$E10,K$5<=$G10),1,"") | L10: =IF(AND(L$5>=$E10,L$5<=$G10),1,"") | M10: =IF(AND(M$5>=$E10,M$5<=$G10),1,"") | N10: =IF(AND(N$5>=$E10,N$5<=$G10),1,"") | O10: =IF(AND(O$5>=$E10,O$5<=$G10),1,"") | P10: =IF(AND(P$5>=$E10,P$5<=$G10),1,"") -> 1 | Q10: =IF(AND(Q$5>=$E10,Q$5<=$G10),1,"") -> 1 | ... AB10: =IF(AND(AB$5>=$E10,AB$5<=$G10),1,"")
A11: 6 | B11: Build Sprints | C11: Sprint 2 – data model & portfolio overview page | D11: BI Lead | E11: 9 | F11: 2 | G11: =E11+F11-1 -> 10 | H11: =$C$3+(E11-1)*7 -> 46083 | I11: =$C$3+G11*7-3 -> 46094 | J11: =IF(AND(J$5>=$E11,J$5<=$G11),1,"") | K11: =IF(AND(K$5>=$E11,K$5<=$G11),1,"") | L11: =IF(AND(L$5>=$E11,L$5<=$G11),1,"") | M11: =IF(AND(M$5>=$E11,M$5<=$G11),1,"") | N11: =IF(AND(N$5>=$E11,N$5<=$G11),1,"") | O11: =IF(AND(O$5>=$E11,O$5<=$G11),1,"") | P11: =IF(AND(P$5>=$E11,P$5<=$G11),1,"") | Q11: =IF(AND(Q$5>=$E11,Q$5<=$G11),1,"") | ... AB11: =IF(AND(AB$5>=$E11,AB$5<=$G11),1,"")
A12: 7 | B12: Build Sprints | C12: Sprint 3 – financials & risk pages | D12: BI Lead | E12: 11 | F12: 2 | G12: =E12+F12-1 -> 12 | H12: =$C$3+(E12-1)*7 -> 46097 | I12: =$C$3+G12*7-3 -> 46108 | J12: =IF(AND(J$5>=$E12,J$5<=$G12),1,"") | K12: =IF(AND(K$5>=$E12,K$5<=$G12),1,"") | L12: =IF(AND(L$5>=$E12,L$5<=$G12),1,"") | M12: =IF(AND(M$5>=$E12,M$5<=$G12),1,"") | N12: =IF(AND(N$5>=$E12,N$5<=$G12),1,"") | O12: =IF(AND(O$5>=$E12,O$5<=$G12),1,"") | P12: =IF(AND(P$5>=$E12,P$5<=$G12),1,"") | Q12: =IF(AND(Q$5>=$E12,Q$5<=$G12),1,"") | ... AB12: =IF(AND(AB$5>=$E12,AB$5<=$G12),1,"")
A13: 8 | B13: Build Sprints | C13: Sprint 4 – resourcing page, security, hardening | D13: BI Lead | E13: 13 | F13: 2 | G13: =E13+F13-1 -> 14 | H13: =$C$3+(E13-1)*7 -> 46111 | I13: =$C$3+G13*7-3 -> 46122 | J13: =IF(AND(J$5>=$E13,J$5<=$G13),1,"") | K13: =IF(AND(K$5>=$E13,K$5<=$G13),1,"") | L13: =IF(AND(L$5>=$E13,L$5<=$G13),1,"") | M13: =IF(AND(M$5>=$E13,M$5<=$G13),1,"") | N13: =IF(AND(N$5>=$E13,N$5<=$G13),1,"") | O13: =IF(AND(O$5>=$E13,O$5<=$G13),1,"") | P13: =IF(AND(P$5>=$E13,P$5<=$G13),1,"") | Q13: =IF(AND(Q$5>=$E13,Q$5<=$G13),1,"") | ... AB13: =IF(AND(AB$5>=$E13,AB$5<=$G13),1,"")
A14: 9 | B14: Rollout | C14: Training & rollout to all practices | D14: Delivery Ops | E14: 10 | F14: 5 | G14: =E14+F14-1 -> 14 | H14: =$C$3+(E14-1)*7 -> 46090 | I14: =$C$3+G14*7-3 -> 46122 | J14: =IF(AND(J$5>=$E14,J$5<=$G14),1,"") | K14: =IF(AND(K$5>=$E14,K$5<=$G14),1,"") | L14: =IF(AND(L$5>=$E14,L$5<=$G14),1,"") | M14: =IF(AND(M$5>=$E14,M$5<=$G14),1,"") | N14: =IF(AND(N$5>=$E14,N$5<=$G14),1,"") | O14: =IF(AND(O$5>=$E14,O$5<=$G14),1,"") | P14: =IF(AND(P$5>=$E14,P$5<=$G14),1,"") | Q14: =IF(AND(Q$5>=$E14,Q$5<=$G14),1,"") | ... AB14: =IF(AND(AB$5>=$E14,AB$5<=$G14),1,"")
A15: 10 | B15: Rollout | C15: Go-live for annual planning | D15: PM | E15: 16 | F15: 1 | G15: =E15+F15-1 -> 16 | H15: =$C$3+(E15-1)*7 -> 46132 | I15: =$C$3+G15*7-3 -> 46136 | J15: =IF(AND(J$5>=$E15,J$5<=$G15),1,"") | K15: =IF(AND(K$5>=$E15,K$5<=$G15),1,"") | L15: =IF(AND(L$5>=$E15,L$5<=$G15),1,"") | M15: =IF(AND(M$5>=$E15,M$5<=$G15),1,"") | N15: =IF(AND(N$5>=$E15,N$5<=$G15),1,"") | O15: =IF(AND(O$5>=$E15,O$5<=$G15),1,"") | P15: =IF(AND(P$5>=$E15,P$5<=$G15),1,"") | Q15: =IF(AND(Q$5>=$E15,Q$5<=$G15),1,"") | ... AB15: =IF(AND(AB$5>=$E15,AB$5<=$G15),1,"")
A16: 11 | B16: Closure | C16: Benefits check & closure report | D16: PM | E16: 17 | F16: 2 | G16: =E16+F16-1 -> 18 | H16: =$C$3+(E16-1)*7 -> 46139 | I16: =$C$3+G16*7-3 -> 46150 | J16: =IF(AND(J$5>=$E16,J$5<=$G16),1,"") | K16: =IF(AND(K$5>=$E16,K$5<=$G16),1,"") | L16: =IF(AND(L$5>=$E16,L$5<=$G16),1,"") | M16: =IF(AND(M$5>=$E16,M$5<=$G16),1,"") | N16: =IF(AND(N$5>=$E16,N$5<=$G16),1,"") | O16: =IF(AND(O$5>=$E16,O$5<=$G16),1,"") | P16: =IF(AND(P$5>=$E16,P$5<=$G16),1,"") | Q16: =IF(AND(Q$5>=$E16,Q$5<=$G16),1,"") | ... AB16: =IF(AND(AB$5>=$E16,AB$5<=$G16),1,"")
A17: 12 | B17: Milestone | C17: Charter approved | E17: 1 | F17: 0 | G17: =E17 -> 1 | H17: =$C$3+(E17-1)*7 -> 46027 | I17: =H17 -> 46027 | J17: =IF(J$5=$E17,"◆","") -> ◆ | K17: =IF(K$5=$E17,"◆","") | L17: =IF(L$5=$E17,"◆","") | M17: =IF(M$5=$E17,"◆","") | N17: =IF(N$5=$E17,"◆","") | O17: =IF(O$5=$E17,"◆","") | P17: =IF(P$5=$E17,"◆","") | Q17: =IF(Q$5=$E17,"◆","") | ... AB17: =IF(AB$5=$E17,"◆","")
A18: 13 | B18: Milestone | C18: Current state & requirements signed off | E18: 4 | F18: 0 | G18: =E18 -> 4 | H18: =$C$3+(E18-1)*7 -> 46048 | I18: =H18 -> 46048 | J18: =IF(J$5=$E18,"◆","") | K18: =IF(K$5=$E18,"◆","") | L18: =IF(L$5=$E18,"◆","") | M18: =IF(M$5=$E18,"◆","") -> ◆ | N18: =IF(N$5=$E18,"◆","") | O18: =IF(O$5=$E18,"◆","") | P18: =IF(P$5=$E18,"◆","") | Q18: =IF(Q$5=$E18,"◆","") | ... AB18: =IF(AB$5=$E18,"◆","")
A19: 14 | B19: Milestone | C19: Data dictionary & RAG rules approved | E19: 6 | F19: 0 | G19: =E19 -> 6 | H19: =$C$3+(E19-1)*7 -> 46062 | I19: =H19 -> 46062 | J19: =IF(J$5=$E19,"◆","") | K19: =IF(K$5=$E19,"◆","") | L19: =IF(L$5=$E19,"◆","") | M19: =IF(M$5=$E19,"◆","") | N19: =IF(N$5=$E19,"◆","") | O19: =IF(O$5=$E19,"◆","") -> ◆ | P19: =IF(P$5=$E19,"◆","") | Q19: =IF(Q$5=$E19,"◆","") | ... AB19: =IF(AB$5=$E19,"◆","")
A20: 15 | B20: Milestone | C20: Status template live (pilot practice) | E20: 8 | F20: 0 | G20: =E20 -> 8 | H20: =$C$3+(E20-1)*7 -> 46076 | I20: =H20 -> 46076 | J20: =IF(J$5=$E20,"◆","") | K20: =IF(K$5=$E20,"◆","") | L20: =IF(L$5=$E20,"◆","") | M20: =IF(M$5=$E20,"◆","") | N20: =IF(N$5=$E20,"◆","") | O20: =IF(O$5=$E20,"◆","") | P20: =IF(P$5=$E20,"◆","") | Q20: =IF(Q$5=$E20,"◆","") -> ◆ | ... AB20: =IF(AB$5=$E20,"◆","")
A21: 16 | B21: Milestone | C21: Dashboard v1 – sprint review | E21: 12 | F21: 0 | G21: =E21 -> 12 | H21: =$C$3+(E21-1)*7 -> 46104 | I21: =H21 -> 46104 | J21: =IF(J$5=$E21,"◆","") | K21: =IF(K$5=$E21,"◆","") | L21: =IF(L$5=$E21,"◆","") | M21: =IF(M$5=$E21,"◆","") | N21: =IF(N$5=$E21,"◆","") | O21: =IF(O$5=$E21,"◆","") | P21: =IF(P$5=$E21,"◆","") | Q21: =IF(Q$5=$E21,"◆","") | ... AB21: =IF(AB$5=$E21,"◆","")
A22: 17 | B22: Milestone | C22: All practices reporting | E22: 14 | F22: 0 | G22: =E22 -> 14 | H22: =$C$3+(E22-1)*7 -> 46118 | I22: =H22 -> 46118 | J22: =IF(J$5=$E22,"◆","") | K22: =IF(K$5=$E22,"◆","") | L22: =IF(L$5=$E22,"◆","") | M22: =IF(M$5=$E22,"◆","") | N22: =IF(N$5=$E22,"◆","") | O22: =IF(O$5=$E22,"◆","") | P22: =IF(P$5=$E22,"◆","") | Q22: =IF(Q$5=$E22,"◆","") | ... AB22: =IF(AB$5=$E22,"◆","")
A23: 18 | B23: Milestone | C23: Dashboard live for annual planning | E23: 16 | F23: 0 | G23: =E23 -> 16 | H23: =$C$3+(E23-1)*7 -> 46132 | I23: =H23 -> 46132 | J23: =IF(J$5=$E23,"◆","") | K23: =IF(K$5=$E23,"◆","") | L23: =IF(L$5=$E23,"◆","") | M23: =IF(M$5=$E23,"◆","") | N23: =IF(N$5=$E23,"◆","") | O23: =IF(O$5=$E23,"◆","") | P23: =IF(P$5=$E23,"◆","") | Q23: =IF(Q$5=$E23,"◆","") | ... AB23: =IF(AB$5=$E23,"◆","")
A24: 19 | B24: Milestone | C24: Benefits check & closure | E24: 18 | F24: 0 | G24: =E24 -> 18 | H24: =$C$3+(E24-1)*7 -> 46146 | I24: =H24 -> 46146 | J24: =IF(J$5=$E24,"◆","") | K24: =IF(K$5=$E24,"◆","") | L24: =IF(L$5=$E24,"◆","") | M24: =IF(M$5=$E24,"◆","") | N24: =IF(N$5=$E24,"◆","") | O24: =IF(O$5=$E24,"◆","") | P24: =IF(P$5=$E24,"◆","") | Q24: =IF(Q$5=$E24,"◆","") | ... AB24: =IF(AB$5=$E24,"◆","")

Sheet Stakeholders
A1: Stakeholders
A2: Simulated project – organisation, people and figures are fictional (PM Project Lab practice brief).
A4: Stakeholder | B4: Role | C4: Primary concern | D4: Influence | E4: Interest | F4: Engagement approach
A5: Michael Adekunle | B5: Executive Sponsor (Managing Partner) | C5: Business outcome and timeline | D5: High | E5: High | F5: Bi-weekly steering; dashboard previews
A6: Grace Nnamdi | B6: Product / Business Owner (Head of PMO) | C6: Scope and user value | D6: High | E6: High | F6: Weekly; owns RAG rules and template
A7: Femi Balogun | B7: Technology / Delivery Lead (BI Lead) | C7: Feasibility and team capacity | D7: Medium | E7: High | F7: Sprint planning; owns data model
A8: Halima Garba | B8: Operations / Customer Lead (Delivery Operations Manager) | C8: Adoption and service continuity | D8: Medium | E8: High | F8: Weekly; owns rollout & training
A9: Practice Leads (6) | B9: Senior partners | C9: Fair view of their practice; extra features | D9: High | E9: Medium | F9: Monthly demos; consulted on views
A10: Project Managers (35) | B10: Data providers / users | C10: Less admin, not more | D10: Low | E10: High | F10: Champions, 30-min training, feedback form
A11: Head of Finance | B11: Data owner (budget/actuals) | C11: Accuracy, confidentiality | D11: High | E11: Medium | F11: Data-sharing agreement; reconciliation sign-off
A12: IT Security | B12: Access control | C12: Who sees what | D12: Medium | E12: Low | F12: Row-level security review

Sheet RACI
A1: RACI
A2: Simulated project – organisation, people and figures are fictional (PM Project Lab practice brief).
A4: Activity / deliverable | B4: Sponsor | C4: PM (Sola) | D4: Head of PMO | E4: BI Lead | F4: Delivery Ops | G4: Finance | H4: Practice Leads | I4: A count (must be 1)
A5: Charter | B5: A | C5: R | D5: C | E5: C | F5: I | G5: I | H5: I | I5: =COUNTIF(B5:H5,"A") -> 1
A6: Current/future-state process | B6: I | C6: A | D6: R | E6: C | F6: R | G6: I | H6: C | I6: =COUNTIF(B6:H6,"A") -> 1
A7: RAG rules & data dictionary | B7: I | C7: R | D7: A | E7: C | F7: C | G7: C | H7: C | I7: =COUNTIF(B7:H7,"A") -> 1
A8: Data model & finance feed | B8: I | C8: C | D8: C | E8: A | F8: I | G8: R | H8: I | I8: =COUNTIF(B8:H8,"A") -> 1
A9: Dashboard build (sprints) | B9: I | C9: C | D9: C | E9: A | F9: I | G9: I | H9: C | I9: =COUNTIF(B9:H9,"A") -> 1
A10: Training & adoption | B10: I | C10: C | D10: C | E10: I | F10: A | G10: I | H10: I | I10: =COUNTIF(B10:H10,"A") -> 1
A11: Change requests | B11: A | C11: R | D11: C | E11: C | F11: I | G11: I | H11: C | I11: =COUNTIF(B11:H11,"A") -> 1
A12: Benefits tracking | B12: I | C12: A | D12: R | E12: C | F12: C | G12: I | H12: I | I12: =COUNTIF(B12:H12,"A") -> 1
A14: R = Responsible · A = Accountable · C = Consulted · I = Informed. Check column: each row must have exactly one A.

Sheet RAID Log
A1: RAID Log
A2: Simulated project – organisation, people and figures are fictional (PM Project Lab practice brief).
A4: Type | B4: ID | C4: Description | D4: Probability (1-5) | E4: Impact (1-5) | F4: Score | G4: Owner | H4: Response / action | I4: Status | J4: Review week
A5: Risk | B5: R-01 | C5: PMs see the template as extra admin and don't submit on time | D5: 4 | E5: 4 | F5: =IF(AND(ISNUMBER(D5),ISNUMBER(E5)),D5*E5,"") -> 16 | G5: Delivery Ops | H5: Template takes under 15 min; pre-filled finance data; champions; compliance shown on dashboard | I5: Open | J5: 14
A6: Risk | B6: R-02 | C6: Practice leads dispute their RAG ratings | D6: 3 | E6: 4 | F6: =IF(AND(ISNUMBER(D6),ISNUMBER(E6)),D6*E6,"") -> 12 | G6: Head of PMO | H6: RAG rules agreed by all practice leads at Week 6; rule-based, not opinion | I6: Closed | J6: 6
A7: Risk | B7: R-03 | C7: Finance data doesn't reconcile with project budgets | D7: 3 | E7: 4 | F7: =IF(AND(ISNUMBER(D7),ISNUMBER(E7)),D7*E7,"") -> 12 | G7: BI Lead | H7: Reconciliation check each refresh; Finance sign-off | I7: Open | J7: 12
A8: Risk | B8: R-04 | C8: Late scope requests from senior partners threaten fixed date | D8: 4 | E8: 3 | F8: =IF(AND(ISNUMBER(D8),ISNUMBER(E8)),D8*E8,"") -> 12 | G8: PM | H8: Change control; Phase 2 backlog | I8: Occurred → I-01 | J8: 12
A9: Assumption | B9: A-01 | C9: Power BI licences available for all leaders | F9: =IF(AND(ISNUMBER(D9),ISNUMBER(E9)),D9*E9,"") | G9: BI Lead | H9: Validated; 12 Pro licences added | I9: Validated | J9: 3
A10: Issue | B10: I-01 | C10: Practice lead requested consultant-level utilisation view at Week 12 | D10: 5 | E10: 3 | F10: =IF(AND(ISNUMBER(D10),ISNUMBER(E10)),D10*E10,"") -> 15 | G10: PM | H10: CR-02 assessed and deferred to Phase 2 (D-04) | I10: Resolved | J10: 12
A11: Dependency | B11: D-01 | C11: Weekly finance export (budget vs actual) | F11: =IF(AND(ISNUMBER(D11),ISNUMBER(E11)),D11*E11,"") | G11: Finance | H11: Live Week 9 | I11: Closed | J11: 9
A13: Open risks scored 15+: | C13: =COUNTIFS(A5:A11,"Risk",F5:F11,">=15",I5:I11,"Open") -> 1

Sheet Comms Plan
A1: Comms Plan
A2: Simulated project – organisation, people and figures are fictional (PM Project Lab practice brief).
A4: Audience | B4: Information | C4: Format / channel | D4: Frequency | E4: Owner | F4: Escalation route
A5: Steering group | B5: Progress, decisions, risks | C5: Meeting + 1-page status | D5: Every 2 weeks | E5: PM | F5: Sponsor
A6: Practice champions | B6: Working dashboard, feedback | C6: Sprint review demo | D6: Every 2 weeks | E6: BI Lead | F6: PM
A7: Project managers | B7: New template, deadlines, how-to | C7: 30-min training, Teams channel, quick guide | D7: Weekly during rollout | E7: Delivery Ops | F7: Head of PMO
A8: Practice leads | B8: Practice view, RAG rules | C8: Monthly demo | D8: Monthly | E8: Head of PMO | F8: Sponsor
A9: All staff | B9: Why we're changing | C9: Managing Partner note | D9: Once at launch | E9: Sponsor | F9: —

Sheet Budget
A1: Budget
A2: Simulated project – organisation, people and figures are fictional (PM Project Lab practice brief).
A4: Cost category | B4: Amount (CAD) | C4: Notes
A5: BI developer (contract, 14 weeks) | B5: 64000
A6: Data engineering (finance & resourcing feeds) | B6: 28000
A7: Change management & training | B7: 18000 | C7: Includes PM time
A8: Project management | B8: 26000
A9: Contingency (10%) | B9: 14000
A10: Total | B10: =SUM(B5:B9) -> 150000
A11: Contingency as % of total | B11: =B9/B10 -> 0.093333333

Sheet Portfolio Data
A1: Portfolio data with rule-based RAG (formulas)
A2: Simulated project – organisation, people and figures are fictional (PM Project Lab practice brief).
A4: Project ID | B4: Practice | C4: Client sector | D4: Budget (CAD) | E4: Actual to date (CAD) | F4: % complete | G4: Schedule variance (days) | H4: Open high risks | I4: Staffing gap (FTE) | J4: Cost index | K4: Schedule RAG | L4: Cost RAG | M4: Risk RAG | N4: Staffing RAG | O4: Overall RAG
A5: MA-101 | B5: Digital | C5: Healthcare | D5: 420000 | E5: 251000 | F5: 0.62 | G5: -3 | H5: 1 | I5: 0 | J5: =F5*D5/E5 -> 1.0374502 | K5: =IF(G5>=-5,"Green",IF(G5>=-15,"Amber","Red")) -> Green | L5: =IF(J5>=0.95,"Green",IF(J5>=0.85,"Amber","Red")) -> Green | M5: =IF(H5<=1,"Green",IF(H5=2,"Amber","Red")) -> Green | N5: =IF(I5=0,"Green",IF(I5<1,"Amber","Red")) -> Green | O5: =IF(COUNTIF(K5:N5,"Red")>0,"Red",IF(COUNTIF(K5:N5,"Amber")>0,"Amber","Green")) -> Green
A6: MA-102 | B6: Digital | C6: Telecom | D6: 610000 | E6: 455000 | F6: 0.58 | G6: -18 | H6: 3 | I6: 1 | J6: =F6*D6/E6 -> 0.77758242 | K6: =IF(G6>=-5,"Green",IF(G6>=-15,"Amber","Red")) -> Red | L6: =IF(J6>=0.95,"Green",IF(J6>=0.85,"Amber","Red")) -> Red | M6: =IF(H6<=1,"Green",IF(H6=2,"Amber","Red")) -> Red | N6: =IF(I6=0,"Green",IF(I6<1,"Amber","Red")) -> Red | O6: =IF(COUNTIF(K6:N6,"Red")>0,"Red",IF(COUNTIF(K6:N6,"Amber")>0,"Amber","Green")) -> Red
A7: MA-103 | B7: Finance Advisory | C7: Public sector | D7: 180000 | E7: 92000 | F7: 0.5 | G7: 0 | H7: 0 | I7: 0 | J7: =F7*D7/E7 -> 0.97826087 | K7: =IF(G7>=-5,"Green",IF(G7>=-15,"Amber","Red")) -> Green | L7: =IF(J7>=0.95,"Green",IF(J7>=0.85,"Amber","Red")) -> Green | M7: =IF(H7<=1,"Green",IF(H7=2,"Amber","Red")) -> Green | N7: =IF(I7=0,"Green",IF(I7<1,"Amber","Red")) -> Green | O7: =IF(COUNTIF(K7:N7,"Red")>0,"Red",IF(COUNTIF(K7:N7,"Amber")>0,"Amber","Green")) -> Green
A8: MA-104 | B8: Operations | C8: Construction | D8: 350000 | E8: 236000 | F8: 0.61 | G8: -9 | H8: 2 | I8: 0.5 | J8: =F8*D8/E8 -> 0.90466102 | K8: =IF(G8>=-5,"Green",IF(G8>=-15,"Amber","Red")) -> Amber | L8: =IF(J8>=0.95,"Green",IF(J8>=0.85,"Amber","Red")) -> Amber | M8: =IF(H8<=1,"Green",IF(H8=2,"Amber","Red")) -> Amber | N8: =IF(I8=0,"Green",IF(I8<1,"Amber","Red")) -> Amber | O8: =IF(COUNTIF(K8:N8,"Red")>0,"Red",IF(COUNTIF(K8:N8,"Amber")>0,"Amber","Green")) -> Amber
A9: MA-105 | B9: Operations | C9: Manufacturing | D9: 270000 | E9: 121000 | F9: 0.47 | G9: 2 | H9: 0 | I9: 0 | J9: =F9*D9/E9 -> 1.0487603 | K9: =IF(G9>=-5,"Green",IF(G9>=-15,"Amber","Red")) -> Green | L9: =IF(J9>=0.95,"Green",IF(J9>=0.85,"Amber","Red")) -> Green | M9: =IF(H9<=1,"Green",IF(H9=2,"Amber","Red")) -> Green | N9: =IF(I9=0,"Green",IF(I9<1,"Amber","Red")) -> Green | O9: =IF(COUNTIF(K9:N9,"Red")>0,"Red",IF(COUNTIF(K9:N9,"Amber")>0,"Amber","Green")) -> Green
A10: MA-106 | B10: People & Change | C10: Healthcare | D10: 150000 | E10: 92000 | F10: 0.55 | G10: -6 | H10: 1 | I10: 0.5 | J10: =F10*D10/E10 -> 0.89673913 | K10: =IF(G10>=-5,"Green",IF(G10>=-15,"Amber","Red")) -> Amber | L10: =IF(J10>=0.95,"Green",IF(J10>=0.85,"Amber","Red")) -> Amber | M10: =IF(H10<=1,"Green",IF(H10=2,"Amber","Red")) -> Green | N10: =IF(I10=0,"Green",IF(I10<1,"Amber","Red")) -> Amber | O10: =IF(COUNTIF(K10:N10,"Red")>0,"Red",IF(COUNTIF(K10:N10,"Amber")>0,"Amber","Green")) -> Amber
A11: MA-107 | B11: Risk | C11: Financial services | D11: 520000 | E11: 200000 | F11: 0.38 | G11: -2 | H11: 1 | I11: 0 | J11: =F11*D11/E11 -> 0.988 | K11: =IF(G11>=-5,"Green",IF(G11>=-15,"Amber","Red")) -> Green | L11: =IF(J11>=0.95,"Green",IF(J11>=0.85,"Amber","Red")) -> Green | M11: =IF(H11<=1,"Green",IF(H11=2,"Amber","Red")) -> Green | N11: =IF(I11=0,"Green",IF(I11<1,"Amber","Red")) -> Green | O11: =IF(COUNTIF(K11:N11,"Red")>0,"Red",IF(COUNTIF(K11:N11,"Amber")>0,"Amber","Green")) -> Green
A12: MA-108 | B12: Digital | C12: Retail | D12: 300000 | E12: 289000 | F12: 0.72 | G12: -12 | H12: 2 | I12: 0 | J12: =F12*D12/E12 -> 0.74740484 | K12: =IF(G12>=-5,"Green",IF(G12>=-15,"Amber","Red")) -> Amber | L12: =IF(J12>=0.95,"Green",IF(J12>=0.85,"Amber","Red")) -> Red | M12: =IF(H12<=1,"Green",IF(H12=2,"Amber","Red")) -> Amber | N12: =IF(I12=0,"Green",IF(I12<1,"Amber","Red")) -> Green | O12: =IF(COUNTIF(K12:N12,"Red")>0,"Red",IF(COUNTIF(K12:N12,"Amber")>0,"Amber","Green")) -> Red
A13: MA-109 | B13: Data & AI | C13: Telecom | D13: 460000 | E13: 205000 | F13: 0.46 | G13: -4 | H13: 1 | I13: 0.5 | J13: =F13*D13/E13 -> 1.0321951 | K13: =IF(G13>=-5,"Green",IF(G13>=-15,"Amber","Red")) -> Green | L13: =IF(J13>=0.95,"Green",IF(J13>=0.85,"Amber","Red")) -> Green | M13: =IF(H13<=1,"Green",IF(H13=2,"Amber","Red")) -> Green | N13: =IF(I13=0,"Green",IF(I13<1,"Amber","Red")) -> Amber | O13: =IF(COUNTIF(K13:N13,"Red")>0,"Red",IF(COUNTIF(K13:N13,"Amber")>0,"Amber","Green")) -> Amber
A14: MA-110 | B14: Data & AI | C14: Energy | D14: 380000 | E14: 140000 | F14: 0.39 | G14: 1 | H14: 0 | I14: 0 | J14: =F14*D14/E14 -> 1.0585714 | K14: =IF(G14>=-5,"Green",IF(G14>=-15,"Amber","Red")) -> Green | L14: =IF(J14>=0.95,"Green",IF(J14>=0.85,"Amber","Red")) -> Green | M14: =IF(H14<=1,"Green",IF(H14=2,"Amber","Red")) -> Green | N14: =IF(I14=0,"Green",IF(I14<1,"Amber","Red")) -> Green | O14: =IF(COUNTIF(K14:N14,"Red")>0,"Red",IF(COUNTIF(K14:N14,"Amber")>0,"Amber","Green")) -> Green
A15: MA-111 | B15: Finance Advisory | C15: Construction | D15: 210000 | E15: 160000 | F15: 0.79 | G15: -1 | H15: 0 | I15: 0 | J15: =F15*D15/E15 -> 1.036875 | K15: =IF(G15>=-5,"Green",IF(G15>=-15,"Amber","Red")) -> Green | L15: =IF(J15>=0.95,"Green",IF(J15>=0.85,"Amber","Red")) -> Green | M15: =IF(H15<=1,"Green",IF(H15=2,"Amber","Red")) -> Green | N15: =IF(I15=0,"Green",IF(I15<1,"Amber","Red")) -> Green | O15: =IF(COUNTIF(K15:N15,"Red")>0,"Red",IF(COUNTIF(K15:N15,"Amber")>0,"Amber","Green")) -> Green
A16: MA-112 | B16: People & Change | C16: Public sector | D16: 190000 | E16: 70000 | F16: 0.33 | G16: -8 | H16: 1 | I16: 0 | J16: =F16*D16/E16 -> 0.89571429 | K16: =IF(G16>=-5,"Green",IF(G16>=-15,"Amber","Red")) -> Amber | L16: =IF(J16>=0.95,"Green",IF(J16>=0.85,"Amber","Red")) -> Amber | M16: =IF(H16<=1,"Green",IF(H16=2,"Amber","Red")) -> Green | N16: =IF(I16=0,"Green",IF(I16<1,"Amber","Red")) -> Green | O16: =IF(COUNTIF(K16:N16,"Red")>0,"Red",IF(COUNTIF(K16:N16,"Amber")>0,"Amber","Green")) -> Amber

Sheet RAG Rules
A1: RAG rules (agreed by all practice leads, Week 6)
A2: Simulated project – organisation, people and figures are fictional (PM Project Lab practice brief).
A4: Dimension | B4: Green | C4: Amber | D4: Red
A5: Schedule variance (days) | B5: 0 to −5 | C5: −6 to −15 | D5: worse than −15
A6: Cost index | B6: ≥ 0.95 | C6: 0.85–0.94 | D6: < 0.85
A7: Open high risks | B7: 0–1 | C7: 2 | D7: 3 or more
A8: Staffing gap (FTE) | B8: 0 | C8: 0.5 | D8: 1 or more
A10: Overall RAG = the worst of the four dimensions (calculated in 'Portfolio Data', column O).

Sheet Benefits KPIs
A1: Benefits KPIs
A2: Simulated project – organisation, people and figures are fictional (PM Project Lab practice brief).
A4: KPI | B4: Baseline (simulated) | C4: Target | D4: Week 16 (simulated) | E4: Measurement | F4: Owner
A5: Projects reporting via standard template | B5: 0% | C5: 100% | D5: 100% (40/40) | E5: Submissions ÷ active projects | F5: Delivery Ops
A6: PM time to prepare weekly report | B6: ~3 h | C6: ≤ 1 h | D6: 50 min (survey, n=31) | E6: PM pulse survey | F6: Head of PMO
A7: Required fields complete & on time | B7: n/a | C7: ≥ 95% | D7: 96% | E7: Data-quality check each refresh | F7: BI Lead
A8: Portfolio meeting uses dashboard as agenda | B8: No | C8: Yes | D8: Yes from Week 16 | E8: Meeting minutes | F8: Sponsor
